Selection Policy,best_score,F,CR
0,183.3173193083033,0.7,0.9
1,200.00000000109992,0.3,0.5
2,200.0000000112696,0.5,0.5
